{
  "chunk_number": 2,
  "start_index": 1001,
  "end_index": 2000,
  "total_cases": 1000,
  "successful_cases": 1000,
  "failed_cases": 0,
  "success_rate": 100.0,
  "average_similarity_score": 0.9606000000000001,
  "average_precision_score": 0.9790000000000001,
  "average_explainability_score": 0.9420000000000001,
  "timestamp": "20250904_232924"
}