{
  "chunk_number": 7,
  "start_index": 6001,
  "end_index": 7000,
  "total_cases": 1000,
  "successful_cases": 1000,
  "failed_cases": 0,
  "success_rate": 100.0,
  "average_similarity_score": 0.9765999999999999,
  "average_precision_score": 0.9974,
  "average_explainability_score": 0.9770000000000002,
  "timestamp": "20250906_161656"
}