{
  "chunk_number": 5,
  "start_index": 4001,
  "end_index": 5000,
  "total_cases": 1000,
  "successful_cases": 1000,
  "failed_cases": 0,
  "success_rate": 100.0,
  "average_similarity_score": 0.943,
  "average_precision_score": 0.9569999999999999,
  "average_explainability_score": 0.9473999999999999,
  "timestamp": "20250905_223840"
}