{
  "chunk_number": 6,
  "start_index": 5001,
  "end_index": 6000,
  "total_cases": 1000,
  "successful_cases": 1000,
  "failed_cases": 0,
  "success_rate": 100.0,
  "average_similarity_score": 0.916,
  "average_precision_score": 0.9520000000000001,
  "average_explainability_score": 0.9520000000000001,
  "timestamp": "20250906_020739"
}