agent_type,total_tokens,total_cost,avg_tokens_per_appearance,avg_cost_per_appearance,avg_latency,total_appearances,loops_participated,files_appeared,loops_list
progressive,93750,0.102561,1399.2537313432836,0.0015307611940298508,32451.257164179104,67,1,10,0
purist,18329,0.024919000000000004,1666.2727272727273,0.0022653636363636365,48006.82727272728,11,1,10,0
conservative,1232,0.002154,1232.0,0.002154,45637.17,1,1,1,0
realist,1114,0.000975,1114.0,0.000975,20656.34,1,1,1,0
